{
"meta":{"test_sets":[],"test_metrics":[],"learn_metrics":[{"best_value":"Min","name":"Logloss"}],"launch_mode":"Train","parameters":"","iteration_count":100,"learn_sets":["learn"],"name":"experiment"},
"iterations":[
{"learn":[0.6667087249],"iteration":0,"passed_time":0.07642864063,"remaining_time":7.5664,
{"le,
{"learn":[0.6572717954],"iteration":1,"passed_time":0.1003798713,"remaining_time":4.918,
{"lea,
{"learn":[0.6535042596],"iteration":2,"passed_time":0.1185529244,"remaining_time":3.83,
{"lear,
{"learn":[0.6519227574],"iteration":3,"passed_time":0.1351142186,"remaining_time":3.2,
{"learn,
{"learn":[0.6505398043],"iteration":4,"passed_time":0.1583840039,"remaining_time":3.,
{"learn",
{"learn":[0.6494671879],"iteration":5,"passed_time":0.1778087409,"remaining_time":2,
{"learn":,
{"learn":[0.6481321203],"iteration":6,"passed_time":0.1967974037,"remaining_time":,
{"learn":,,
{"learn":[0.6468125315],"iteration":7,"passed_time":0.2167196308,"remaining_time",
{"learn":,
,
{"learn":[0.6458346864],"iteration":8,"passed_time":0.236288615,"remaining_time",
{"learn":[,,
{"learn":[0.6452132095],"iteration":9,"passed_time":0.2555806467,"remaining_tim,
{"learn",
{"l,
{"learn":[0.6446686124],"iteration":10,"passed_time":0.2715657445,"remaining_ti,
{"learn":,
{,
,
{"learn":[0.644035081],"iteration":11,"passed_time":0.2884039912,"remaining_ti,
{"learn":,
{",,
{"learn":[0.6435234705],"iteration":12,"passed_time":0.3079608506,"remaining_t,
{"learn":[,
{",
{"learn":[0.6430429893],"iteration":13,"passed_time":0.3275154181,"remaining_time":2.011880,
{",
{"learn":[0.6424018906],"iteration":14,"passed_time":0.3452069818,"remaining_time":1.956172,
{",
{"learn":[0.6419869978],"iteration":15,"passed_time":0.3646066364,"remaining_time":1.914184,
{",
{"learn":[0.6414705046],"iteration":16,"passed_time":0.3821590778,"remaining_time":1.865835,
{",
{"learn":[0.6408732993],"iteration":17,"passed_time":0.4005139612,"remaining_time":1.824563,
{,,
{"learn":[0.6405790245],"iteration":18,"passed_time":0.4218112449,"remaining_time":1.798247939},
{"learn":[0.6398514323],"iteration":19,"passed_time":0.4414615605,"remaining_time":1.765846242},
{"learn":[0.6393735175],"iteration":20,"passed_time":0.4600023572,"remaining_time":1.73,
{"lear,
{"learn":[0.6390089583],"iteration":21,"passed_time":0.4785313621,"remaining_time":1.69,
{"lear,
{"learn":[0.6386616844],"iteration":22,"passed_time":0.498866373,"remaining_time":1.670117857},
{"learn":[0.638245781],"iteration":23,"passed_time":0.5194873782,"remaining_time":1.645043364},
{"learn":[0.637830238],"iteration":24,"passed_time":0.5398880958,"remaining_time":1.619664287},
{"learn":[0.6374911255],"iteration":25,"passed_time":0.5590784205,"remaining_time":1.591223197},
{"learn":[0.6363224469],"iteration":26,"passed_time":0.5786271551,"remaining_time":1.564436382},
{"learn":[0.635825495],"iteration":27,"passed_time":0.5957533131,"remaining_time":1.531937091},
{"learn":[0.6353303409],"iteration":28,"passed_time":0.6120967787,"remaining_time":1.498581768},
{"learn":[0.6348614235],"iteration":29,"passed_time":0.629954422,"remaining_time":1.469893651},
{"learn":[0.6342240676],"iteration":30,"passed_time":0.6456707742,"remaining_time":1.437138175},
{"learn":[0.6338219789],"iteration":31,"passed_time":0.6630838434,"remaining_time":1.409053167},
{"learn":[0.6332992311],"iteration":32,"passed_time":0.6871114885,"remaining_time":1.395044537},
{"learn":[0.6328325883],"iteration":33,"passed_time":0.7053378745,"remaining_time":1.369185286},
{"learn":[0.632206272],"iteration":34,"passed_time":0.7242836212,"remaining_time":1.345098154},
{"learn":[0.6316079359],"iteration":35,"passed_time":0.7435154461,"remaining_time":1.321805237},
{"learn":[0.6311794003],"iteration":36,"passed_time":0.7584018148,"remaining_time":1.29133282},
{"learn":[0.6307497433],"iteration":37,"passed_time":0.7774096022,"remaining_time":1.26840514},
{"learn":[0.6302434388],"iteration":38,"passed_time":0.8017145758,"remaining_time":1.253963824},
{"learn":[0.6297795822],"iteration":39,"passed_time":0.8198420887,"remaining_time":1.229763133},
{"learn":[0.6292700471],"iteration":40,"passed_time":0.8382873034,"remaining_time":1.206315876},
{"learn":[0.6287859895],"iteration":41,"passed_time":0.856331693,"remaining_time":1.18255329},
{"learn":[0.6282899543],"iteration":42,"passed_time":0.8757345555,"remaining_time":1.160857434},
{"learn":[0.627906068],"iteration":43,"passed_time":0.8940466898,"remaining_time":1.137877605},
{"learn":[0.6275076866],"iteration":44,"passed_time":0.9128820636,"remaining_time":1.115744744},
{"learn":[0.6271510493],"iteration":45,"passed_time":0.9288486617,"remaining_time":1.090387559},
{"learn":[0.6268539325],"iteration":46,"passed_time":0.9452413754,"remaining_time":1.065910487},
{"learn":[0.626415961],"iteration":47,"passed_time":0.9636078006,"remaining_time":1.043908451},
{"learn":[0.6260737145],"iteration":48,"passed_time":0.9808679139,"remaining_time":1.020903339},
{"learn":[0.6257710156],"iteration":49,"passed_time":0.9981557346,"remaining_time":0.9981557346},
{"learn":[0.6256210036],"iteration":50,"passed_time":1.016608282,"remaining_time":0.9767412906},
{"learn":[0.6251603491],"iteration":51,"passed_time":1.033646775,"remaining_time":0.9541354844},
{"learn":[0.6248668736],"iteration":52,"passed_time":1.050210652,"remaining_time":0.9313188801},
{"learn":[0.6242656218],"iteration":53,"passed_time":1.068261332,"remaining_time":0.9100003943},
{"learn":[0.6239391619],"iterati,
{"learn":[0.6223593266],"iteration":55,"passed_time":1.09745,
{"learn":[0.6234946394],"iteratio,
{"learn":[0.6218844573],"iteration":56,"passed_time":1.11804,
{"learn":[0.6230683328],"iterati,
{"learn":[0.6215182008],"iteration":57,"passed_time":1.136849,
{"learn":[0.6225980976],"iter,
{"learn":[0.6211618475],"iteration":58,"passed_time":1.156229625,
{"learn":[0.6219381229],"iter,
{"learn":[0.6208556606],"iteration":59,"passed_time":1.17261108,
{"learn":[0.6215595896],"itera,
{"learn":[0.6207700853],"iteration":60,"passed_time":1.18756491,
{"learn":[0.6210720582],"itera,
{"learn":[0.6203483164],"iteration":61,"passed_time":1.20915341,
{"learn":[0.6209804331],"itera,
{"learn":[0.6199721037],"iteration":62,"passed_time":1.22708183,
{"learn":[0.6206384488],"itera,
{"learn":[0.6196030879],"iteration":63,"passed_time":1.24449033,
{"learn":[0.6201374902],"itera,
{"learn":[0.619114458],"iteration":64,"passed_time":1.26592225,
{"learn":[0.6198317385],"iter,
{"learn":[0.6187907664],"iteration":65,"passed_time":1.284184167,
{"learn":[0.6195801269],"iter,
{"learn":[0.6184900549],"iteration":66,"passed_time":1.304654667,
{"learn":[0.6193241924],"iter,
{"learn":[0.6181038271],"iteration":67,"passed_time":1.320069167,
{"learn":[0.618873343],"itera,
{"learn":[0.617765061],"iteration":68,"passed_time":1.338842333,
{"learn":[0.6184004436],"iter,
{"learn":[0.6172921905],"iteration":69,"passed_time":1.357848583,
{"learn":[0.6181040247],"ite,
{"learn":[0.6170090887],"iteration":70,"passed_time":1.37571995,
{"learn":[0.6177862785],"itera,
{"learn":[0.6166418855],"iteration":71,"passed_time":1.39468804,
{"learn":[0.6176199868],"iter,
{"learn":[0.6163009144],"iteration":72,"passed_time":1.412999751,
{"learn":[0.6170906623],"iter,
{"learn":[0.6160189994],"iteration":73,"passed_time":1.431954417,
{"learn":[0.616619382],"itera,
{"learn":[0.6157295104],"iteration":74,"passed_time":1.45112170,
{"learn":[0.6162787953],"iter,
{"learn":[0.6153349425],"iteration":75,"passed_time":1.468978542,
{"learn":[0.6159368392],"iter,
{"learn":[0.6151312196],"iteration":76,"passed_time":1.4867570,
{"learn":[0.6156548197],"iterat,
{"learn":[0.6147065438],"iteration":77,"passed_time":1.5025554,
{"learn":[0.6153771461],"iterat,
{"learn":[0.6143038385],"iteration":78,"passed_time":1.5213345,
{"learn":[0.6151192647],"iterat,
{"learn":[0.6139993084],"iteration":79,"passed_time":1.536034,
{"learn":[0.6147162683],"iterati,
{"learn":[0.6134541082],"iteration":80,"passed_time":1.552670,
{"learn":[0.6144726963],